evidence_status,window_id,window_start,window_end,property,search_type,dimension,dimension_value,clicks,impressions,ctr_percent,position,source_row_rank,row_limit,pagination,limitation
VERIFIED_GSC_UI_SINGLE_DIMENSION,current28,2026-07-13,2026-08-09,sc-domain:fermatmind.com,web,device,移动设备,116,9678,1.2,8.28,1,1000,NOT_AVAILABLE_IN_UI_EXPORT,Single-dimension GSC UI export; rows cannot be joined across dimensions; top-row and UI cap limitations apply.
VERIFIED_GSC_UI_SINGLE_DIMENSION,current28,2026-07-13,2026-08-09,sc-domain:fermatmind.com,web,device,桌面,106,20521,0.52,12.03,2,1000,NOT_AVAILABLE_IN_UI_EXPORT,Single-dimension GSC UI export; rows cannot be joined across dimensions; top-row and UI cap limitations apply.
VERIFIED_GSC_UI_SINGLE_DIMENSION,current28,2026-07-13,2026-08-09,sc-domain:fermatmind.com,web,device,平板电脑,6,353,1.7,7.8,3,1000,NOT_AVAILABLE_IN_UI_EXPORT,Single-dimension GSC UI export; rows cannot be joined across dimensions; top-row and UI cap limitations apply.
VERIFIED_GSC_UI_SINGLE_DIMENSION,prev28,2026-06-15,2026-07-12,sc-domain:fermatmind.com,web,device,桌面,76,34946,0.22,10.98,1,1000,NOT_AVAILABLE_IN_UI_EXPORT,Single-dimension GSC UI export; rows cannot be joined across dimensions; top-row and UI cap limitations apply.
VERIFIED_GSC_UI_SINGLE_DIMENSION,prev28,2026-06-15,2026-07-12,sc-domain:fermatmind.com,web,device,移动设备,63,5350,1.18,8.8,2,1000,NOT_AVAILABLE_IN_UI_EXPORT,Single-dimension GSC UI export; rows cannot be joined across dimensions; top-row and UI cap limitations apply.
VERIFIED_GSC_UI_SINGLE_DIMENSION,prev28,2026-06-15,2026-07-12,sc-domain:fermatmind.com,web,device,平板电脑,2,132,1.52,9.89,3,1000,NOT_AVAILABLE_IN_UI_EXPORT,Single-dimension GSC UI export; rows cannot be joined across dimensions; top-row and UI cap limitations apply.
VERIFIED_GSC_UI_SINGLE_DIMENSION,day90,2026-05-12,2026-08-09,sc-domain:fermatmind.com,web,device,桌面,194,63388,0.31,12.6,1,1000,NOT_AVAILABLE_IN_UI_EXPORT,Single-dimension GSC UI export; rows cannot be joined across dimensions; top-row and UI cap limitations apply.
VERIFIED_GSC_UI_SINGLE_DIMENSION,day90,2026-05-12,2026-08-09,sc-domain:fermatmind.com,web,device,移动设备,181,15577,1.16,8.55,2,1000,NOT_AVAILABLE_IN_UI_EXPORT,Single-dimension GSC UI export; rows cannot be joined across dimensions; top-row and UI cap limitations apply.
VERIFIED_GSC_UI_SINGLE_DIMENSION,day90,2026-05-12,2026-08-09,sc-domain:fermatmind.com,web,device,平板电脑,9,504,1.79,9.17,3,1000,NOT_AVAILABLE_IN_UI_EXPORT,Single-dimension GSC UI export; rows cannot be joined across dimensions; top-row and UI cap limitations apply.
