article_id,locale,slug,canonical_url,baseline_captured_at,formal_review_date,gsc_90d,ga4_90d,article_to_test_clicks_90d,qualified_completes_90d,referring_links,internal_link_role,topic_owner_role,content_freshness,claim_accuracy,cms_revision_history,current_dead_candidate_status,provisional_decision,execution_authorized,reassessment_requirements
26,en,are-infj-men-rare-or-socially-silenced,https://fermatmind.com/en/articles/are-infj-men-rare-or-socially-silenced,2026-08-10T12:00:00+08:00,2026-11-08,source-limited M01 page row: clicks=0; impressions=59; ctr=0.0%; position=9.68,Unknown,Unknown,Unknown,Unknown,article_cohort:0;sitewide:Unknown,Unknown,2026-04-23T13:19:30.000000Z,Unknown,25,NOT_AUTHORIZED_INCOMPLETE_90D,NEED_MORE_DATA,false,post-baseline complete GSC/GA4/click/complete/backlink/internal role/topic owner/freshness/claim/revision history; current M01 lookback is not the 2026-11-08 review window
27,en,best-valentines-date-by-personality-and-relationship-science,https://fermatmind.com/en/articles/best-valentines-date-by-personality-and-relationship-science,2026-08-10T12:00:00+08:00,2026-11-08,source-limited M01 page row: clicks=0; impressions=110; ctr=0.0%; position=9.05,Unknown,Unknown,Unknown,Unknown,article_cohort:0;sitewide:Unknown,Unknown,2026-04-23T13:19:30.000000Z,Unknown,26,NOT_AUTHORIZED_INCOMPLETE_90D,NEED_MORE_DATA,false,post-baseline complete GSC/GA4/click/complete/backlink/internal role/topic owner/freshness/claim/revision history; current M01 lookback is not the 2026-11-08 review window
81,en,big-five-conscientiousness-low-procrastination-task-plan,https://fermatmind.com/en/articles/big-five-conscientiousness-low-procrastination-task-plan,2026-08-10T12:00:00+08:00,2026-11-08,source-limited M01 page row: clicks=0; impressions=31; ctr=0.0%; position=12.26,Unknown,Unknown,Unknown,Unknown,article_cohort:0;sitewide:Unknown,Unknown,2026-07-05T05:45:44.000000Z,Unknown,101,NOT_AUTHORIZED_INCOMPLETE_90D,NEED_MORE_DATA,false,post-baseline complete GSC/GA4/click/complete/backlink/internal role/topic owner/freshness/claim/revision history; current M01 lookback is not the 2026-11-08 review window
79,en,big-five-emotional-stability-stress-recovery-communication,https://fermatmind.com/en/articles/big-five-emotional-stability-stress-recovery-communication,2026-08-10T12:00:00+08:00,2026-11-08,source-limited M01 page row: clicks=0; impressions=313; ctr=0.0%; position=13.04,Unknown,Unknown,Unknown,Unknown,article_cohort:0;sitewide:Unknown,Unknown,2026-07-04T04:35:25.000000Z,Unknown,99,NOT_AUTHORIZED_INCOMPLETE_90D,NEED_MORE_DATA,false,post-baseline complete GSC/GA4/click/complete/backlink/internal role/topic owner/freshness/claim/revision history; current M01 lookback is not the 2026-11-08 review window
186,en,big-five-growth-guide,https://fermatmind.com/en/articles/big-five-growth-guide,2026-08-10T12:00:00+08:00,2026-11-08,Unknown; absent from capped M01 page export (not zero),Unknown,Unknown,Unknown,Unknown,article_cohort:0;sitewide:Unknown,Unknown,2026-08-03T08:24:46.000000Z,Unknown,447,NOT_AUTHORIZED_INCOMPLETE_90D,NEED_MORE_DATA,false,post-baseline complete GSC/GA4/click/complete/backlink/internal role/topic owner/freshness/claim/revision history; current M01 lookback is not the 2026-11-08 review window
187,en,big-five-narrative-portrait,https://fermatmind.com/en/articles/big-five-narrative-portrait,2026-08-10T12:00:00+08:00,2026-11-08,Unknown; absent from capped M01 page export (not zero),Unknown,Unknown,Unknown,Unknown,article_cohort:0;sitewide:Unknown,Unknown,2026-08-03T08:24:46.000000Z,Unknown,448,NOT_AUTHORIZED_INCOMPLETE_90D,NEED_MORE_DATA,false,post-baseline complete GSC/GA4/click/complete/backlink/internal role/topic owner/freshness/claim/revision history; current M01 lookback is not the 2026-11-08 review window
35,en,big-five-personality-test-vs-mbti,https://fermatmind.com/en/articles/big-five-personality-test-vs-mbti,2026-08-10T12:00:00+08:00,2026-11-08,Unknown; absent from capped M01 page export (not zero),Unknown,Unknown,Unknown,Unknown,article_cohort:0;sitewide:Unknown,Unknown,2026-05-17T09:58:31.000000Z,Unknown,40,NOT_AUTHORIZED_INCOMPLETE_90D,NEED_MORE_DATA,false,post-baseline complete GSC/GA4/click/complete/backlink/internal role/topic owner/freshness/claim/revision history; current M01 lookback is not the 2026-11-08 review window
188,en,big-five-tool-guide,https://fermatmind.com/en/articles/big-five-tool-guide,2026-08-10T12:00:00+08:00,2026-11-08,Unknown; absent from capped M01 page export (not zero),Unknown,Unknown,Unknown,Unknown,article_cohort:0;sitewide:Unknown,Unknown,2026-08-03T08:24:46.000000Z,Unknown,449,NOT_AUTHORIZED_INCOMPLETE_90D,NEED_MORE_DATA,false,post-baseline complete GSC/GA4/click/complete/backlink/internal role/topic owner/freshness/claim/revision history; current M01 lookback is not the 2026-11-08 review window
47,en,career-interest-test-vs-personality-test,https://fermatmind.com/en/articles/career-interest-test-vs-personality-test,2026-08-10T12:00:00+08:00,2026-11-08,source-limited M01 page row: clicks=0; impressions=66; ctr=0.0%; position=9.11,Unknown,Unknown,Unknown,Unknown,article_cohort:0;sitewide:Unknown,Unknown,2026-06-12T14:04:34.000000Z,Unknown,53,NOT_AUTHORIZED_INCOMPLETE_90D,NEED_MORE_DATA,false,post-baseline complete GSC/GA4/click/complete/backlink/internal role/topic owner/freshness/claim/revision history; current M01 lookback is not the 2026-11-08 review window
29,en,childhood-dream-job-still-shapes-career-choice,https://fermatmind.com/en/articles/childhood-dream-job-still-shapes-career-choice,2026-08-10T12:00:00+08:00,2026-11-08,source-limited M01 page row: clicks=0; impressions=7; ctr=0.0%; position=9.43,Unknown,Unknown,Unknown,Unknown,article_cohort:0;sitewide:Unknown,Unknown,2026-04-23T11:24:08.000000Z,Unknown,28,NOT_AUTHORIZED_INCOMPLETE_90D,NEED_MORE_DATA,false,post-baseline complete GSC/GA4/click/complete/backlink/internal role/topic owner/freshness/claim/revision history; current M01 lookback is not the 2026-11-08 review window
49,en,choose-career-using-personality-tests,https://fermatmind.com/en/articles/choose-career-using-personality-tests,2026-08-10T12:00:00+08:00,2026-11-08,source-limited M01 page row: clicks=0; impressions=20; ctr=0.0%; position=13.4,Unknown,Unknown,Unknown,Unknown,article_cohort:0;sitewide:Unknown,Unknown,2026-06-13T01:13:48.000000Z,Unknown,55,NOT_AUTHORIZED_INCOMPLETE_90D,NEED_MORE_DATA,false,post-baseline complete GSC/GA4/click/complete/backlink/internal role/topic owner/freshness/claim/revision history; current M01 lookback is not the 2026-11-08 review window
189,en,college-major-choice-holland-mbti-career-test,https://fermatmind.com/en/articles/college-major-choice-holland-mbti-career-test,2026-08-10T12:00:00+08:00,2026-11-08,Unknown; absent from capped M01 page export (not zero),Unknown,Unknown,Unknown,Unknown,article_cohort:0;sitewide:Unknown,Unknown,2026-08-03T08:24:47.000000Z,Unknown,450,NOT_AUTHORIZED_INCOMPLETE_90D,NEED_MORE_DATA,false,post-baseline complete GSC/GA4/click/complete/backlink/internal role/topic owner/freshness/claim/revision history; current M01 lookback is not the 2026-11-08 review window
190,en,enneagram-personality-test-explained,https://fermatmind.com/en/articles/enneagram-personality-test-explained,2026-08-10T12:00:00+08:00,2026-11-08,Unknown; absent from capped M01 page export (not zero),Unknown,Unknown,Unknown,Unknown,article_cohort:0;sitewide:Unknown,Unknown,2026-08-03T08:24:47.000000Z,Unknown,451,NOT_AUTHORIZED_INCOMPLETE_90D,NEED_MORE_DATA,false,post-baseline complete GSC/GA4/click/complete/backlink/internal role/topic owner/freshness/claim/revision history; current M01 lookback is not the 2026-11-08 review window
69,en,enneagram-workplace-friction-core-motivations,https://fermatmind.com/en/articles/enneagram-workplace-friction-core-motivations,2026-08-10T12:00:00+08:00,2026-11-08,source-limited M01 page row: clicks=0; impressions=29; ctr=0.0%; position=9.76,Unknown,Unknown,Unknown,Unknown,article_cohort:0;sitewide:Unknown,Unknown,2026-06-30T14:05:10.000000Z,Unknown,89,NOT_AUTHORIZED_INCOMPLETE_90D,NEED_MORE_DATA,false,post-baseline complete GSC/GA4/click/complete/backlink/internal role/topic owner/freshness/claim/revision history; current M01 lookback is not the 2026-11-08 review window
191,en,eq-test-tool-guide,https://fermatmind.com/en/articles/eq-test-tool-guide,2026-08-10T12:00:00+08:00,2026-11-08,Unknown; absent from capped M01 page export (not zero),Unknown,Unknown,Unknown,Unknown,article_cohort:0;sitewide:Unknown,Unknown,2026-08-03T08:24:47.000000Z,Unknown,452,NOT_AUTHORIZED_INCOMPLETE_90D,NEED_MORE_DATA,false,post-baseline complete GSC/GA4/click/complete/backlink/internal role/topic owner/freshness/claim/revision history; current M01 lookback is not the 2026-11-08 review window
192,en,gaokao-major-adjustment-unacceptable-major-checklist,https://fermatmind.com/en/articles/gaokao-major-adjustment-unacceptable-major-checklist,2026-08-10T12:00:00+08:00,2026-11-08,Unknown; absent from capped M01 page export (not zero),Unknown,Unknown,Unknown,Unknown,article_cohort:0;sitewide:Unknown,Unknown,2026-08-03T08:24:48.000000Z,Unknown,453,NOT_AUTHORIZED_INCOMPLETE_90D,NEED_MORE_DATA,false,post-baseline complete GSC/GA4/click/complete/backlink/internal role/topic owner/freshness/claim/revision history; current M01 lookback is not the 2026-11-08 review window
193,en,gaokao-major-choice-parent-conflict-riasec-course-checklist,https://fermatmind.com/en/articles/gaokao-major-choice-parent-conflict-riasec-course-checklist,2026-08-10T12:00:00+08:00,2026-11-08,Unknown; absent from capped M01 page export (not zero),Unknown,Unknown,Unknown,Unknown,article_cohort:0;sitewide:Unknown,Unknown,2026-08-03T08:24:48.000000Z,Unknown,454,NOT_AUTHORIZED_INCOMPLETE_90D,NEED_MORE_DATA,false,post-baseline complete GSC/GA4/click/complete/backlink/internal role/topic owner/freshness/claim/revision history; current M01 lookback is not the 2026-11-08 review window
194,en,gaokao-score-major-shortlist-riasec-checklist,https://fermatmind.com/en/articles/gaokao-score-major-shortlist-riasec-checklist,2026-08-10T12:00:00+08:00,2026-11-08,Unknown; absent from capped M01 page export (not zero),Unknown,Unknown,Unknown,Unknown,article_cohort:0;sitewide:Unknown,Unknown,2026-08-03T08:24:48.000000Z,Unknown,455,NOT_AUTHORIZED_INCOMPLETE_90D,NEED_MORE_DATA,false,post-baseline complete GSC/GA4/click/complete/backlink/internal role/topic owner/freshness/claim/revision history; current M01 lookback is not the 2026-11-08 review window
32,en,holland-career-interest-test-can-and-cannot-tell-you,https://fermatmind.com/en/articles/holland-career-interest-test-can-and-cannot-tell-you,2026-08-10T12:00:00+08:00,2026-11-08,source-limited M01 page row: clicks=0; impressions=15; ctr=0.0%; position=8.0,Unknown,Unknown,Unknown,Unknown,article_cohort:0;sitewide:Unknown,Unknown,2026-05-14T10:50:08.000000Z,Unknown,37,NOT_AUTHORIZED_INCOMPLETE_90D,NEED_MORE_DATA,false,post-baseline complete GSC/GA4/click/complete/backlink/internal role/topic owner/freshness/claim/revision history; current M01 lookback is not the 2026-11-08 review window
65,en,hot-major-fit-riasec-course-career-checklist,https://fermatmind.com/en/articles/hot-major-fit-riasec-course-career-checklist,2026-08-10T12:00:00+08:00,2026-11-08,source-limited M01 page row: clicks=0; impressions=120; ctr=0.0%; position=14.97,Unknown,Unknown,Unknown,Unknown,article_cohort:0;sitewide:Unknown,Unknown,2026-06-30T10:25:48.000000Z,Unknown,85,NOT_AUTHORIZED_INCOMPLETE_90D,NEED_MORE_DATA,false,post-baseline complete GSC/GA4/click/complete/backlink/internal role/topic owner/freshness/claim/revision history; current M01 lookback is not the 2026-11-08 review window
28,en,how-16-personality-types-talk-to-an-ai-coach,https://fermatmind.com/en/articles/how-16-personality-types-talk-to-an-ai-coach,2026-08-10T12:00:00+08:00,2026-11-08,Unknown; absent from capped M01 page export (not zero),Unknown,Unknown,Unknown,Unknown,article_cohort:0;sitewide:Unknown,Unknown,2026-04-23T12:24:03.000000Z,Unknown,27,NOT_AUTHORIZED_INCOMPLETE_90D,NEED_MORE_DATA,false,post-baseline complete GSC/GA4/click/complete/backlink/internal role/topic owner/freshness/claim/revision history; current M01 lookback is not the 2026-11-08 review window
24,en,how-personality-shapes-attitude-toward-ai,https://fermatmind.com/en/articles/how-personality-shapes-attitude-toward-ai,2026-08-10T12:00:00+08:00,2026-11-08,source-limited M01 page row: clicks=0; impressions=4; ctr=0.0%; position=11.25,Unknown,Unknown,Unknown,Unknown,article_cohort:0;sitewide:Unknown,Unknown,2026-04-23T13:19:30.000000Z,Unknown,29,NOT_AUTHORIZED_INCOMPLETE_90D,NEED_MORE_DATA,false,post-baseline complete GSC/GA4/click/complete/backlink/internal role/topic owner/freshness/claim/revision history; current M01 lookback is not the 2026-11-08 review window
195,en,iq-test-growth-guide,https://fermatmind.com/en/articles/iq-test-growth-guide,2026-08-10T12:00:00+08:00,2026-11-08,Unknown; absent from capped M01 page export (not zero),Unknown,Unknown,Unknown,Unknown,article_cohort:0;sitewide:Unknown,Unknown,2026-08-03T08:24:49.000000Z,Unknown,456,NOT_AUTHORIZED_INCOMPLETE_90D,NEED_MORE_DATA,false,post-baseline complete GSC/GA4/click/complete/backlink/internal role/topic owner/freshness/claim/revision history; current M01 lookback is not the 2026-11-08 review window
196,en,iq-test-narrative-portrait,https://fermatmind.com/en/articles/iq-test-narrative-portrait,2026-08-10T12:00:00+08:00,2026-11-08,Unknown; absent from capped M01 page export (not zero),Unknown,Unknown,Unknown,Unknown,article_cohort:0;sitewide:Unknown,Unknown,2026-08-03T08:24:49.000000Z,Unknown,457,NOT_AUTHORIZED_INCOMPLETE_90D,NEED_MORE_DATA,false,post-baseline complete GSC/GA4/click/complete/backlink/internal role/topic owner/freshness/claim/revision history; current M01 lookback is not the 2026-11-08 review window
197,en,iq-test-score-and-limits-explained,https://fermatmind.com/en/articles/iq-test-score-and-limits-explained,2026-08-10T12:00:00+08:00,2026-11-08,Unknown; absent from capped M01 page export (not zero),Unknown,Unknown,Unknown,Unknown,article_cohort:0;sitewide:Unknown,Unknown,2026-08-03T08:24:49.000000Z,Unknown,458,NOT_AUTHORIZED_INCOMPLETE_90D,NEED_MORE_DATA,false,post-baseline complete GSC/GA4/click/complete/backlink/internal role/topic owner/freshness/claim/revision history; current M01 lookback is not the 2026-11-08 review window
198,en,iq-test-tool-guide,https://fermatmind.com/en/articles/iq-test-tool-guide,2026-08-10T12:00:00+08:00,2026-11-08,Unknown; absent from capped M01 page export (not zero),Unknown,Unknown,Unknown,Unknown,article_cohort:0;sitewide:Unknown,Unknown,2026-08-03T08:24:50.000000Z,Unknown,459,NOT_AUTHORIZED_INCOMPLETE_90D,NEED_MORE_DATA,false,post-baseline complete GSC/GA4/click/complete/backlink/internal role/topic owner/freshness/claim/revision history; current M01 lookback is not the 2026-11-08 review window
73,en,major-career-mismatch-job-search-skills-plan,https://fermatmind.com/en/articles/major-career-mismatch-job-search-skills-plan,2026-08-10T12:00:00+08:00,2026-11-08,source-limited M01 page row: clicks=0; impressions=338; ctr=0.0%; position=11.64,Unknown,Unknown,Unknown,Unknown,article_cohort:0;sitewide:Unknown,Unknown,2026-07-02T01:00:59.000000Z,Unknown,93,NOT_AUTHORIZED_INCOMPLETE_90D,NEED_MORE_DATA,false,post-baseline complete GSC/GA4/click/complete/backlink/internal role/topic owner/freshness/claim/revision history; current M01 lookback is not the 2026-11-08 review window
85,en,major-category-program-tracking-riasec-choice-checklist,https://fermatmind.com/en/articles/major-category-program-tracking-riasec-choice-checklist,2026-08-10T12:00:00+08:00,2026-11-08,source-limited M01 page row: clicks=0; impressions=62; ctr=0.0%; position=13.81,Unknown,Unknown,Unknown,Unknown,article_cohort:0;sitewide:Unknown,Unknown,2026-07-10T00:55:49.000000Z,Unknown,105,NOT_AUTHORIZED_INCOMPLETE_90D,NEED_MORE_DATA,false,post-baseline complete GSC/GA4/click/complete/backlink/internal role/topic owner/freshness/claim/revision history; current M01 lookback is not the 2026-11-08 review window
199,en,math-not-good-computer-ai-major-course-riasec-checklist,https://fermatmind.com/en/articles/math-not-good-computer-ai-major-course-riasec-checklist,2026-08-10T12:00:00+08:00,2026-11-08,Unknown; absent from capped M01 page export (not zero),Unknown,Unknown,Unknown,Unknown,article_cohort:0;sitewide:Unknown,Unknown,2026-08-03T08:24:50.000000Z,Unknown,460,NOT_AUTHORIZED_INCOMPLETE_90D,NEED_MORE_DATA,false,post-baseline complete GSC/GA4/click/complete/backlink/internal role/topic owner/freshness/claim/revision history; current M01 lookback is not the 2026-11-08 review window
200,en,mbti-basics,https://fermatmind.com/en/articles/mbti-basics,2026-08-10T12:00:00+08:00,2026-11-08,Unknown; absent from capped M01 page export (not zero),Unknown,Unknown,Unknown,Unknown,article_cohort:0;sitewide:Unknown,Unknown,2026-08-03T08:24:51.000000Z,Unknown,461,NOT_AUTHORIZED_INCOMPLETE_90D,NEED_MORE_DATA,false,post-baseline complete GSC/GA4/click/complete/backlink/internal role/topic owner/freshness/claim/revision history; current M01 lookback is not the 2026-11-08 review window
61,en,mbti-full-report-career-relationship-communication,https://fermatmind.com/en/articles/mbti-full-report-career-relationship-communication,2026-08-10T12:00:00+08:00,2026-11-08,source-limited M01 page row: clicks=0; impressions=63; ctr=0.0%; position=11.68,Unknown,Unknown,Unknown,Unknown,article_cohort:0;sitewide:Unknown,Unknown,2026-06-29T12:28:40.000000Z,Unknown,81,NOT_AUTHORIZED_INCOMPLETE_90D,NEED_MORE_DATA,false,post-baseline complete GSC/GA4/click/complete/backlink/internal role/topic owner/freshness/claim/revision history; current M01 lookback is not the 2026-11-08 review window
201,en,mbti-growth-guide,https://fermatmind.com/en/articles/mbti-growth-guide,2026-08-10T12:00:00+08:00,2026-11-08,Unknown; absent from capped M01 page export (not zero),Unknown,Unknown,Unknown,Unknown,article_cohort:0;sitewide:Unknown,Unknown,2026-08-03T08:24:51.000000Z,Unknown,462,NOT_AUTHORIZED_INCOMPLETE_90D,NEED_MORE_DATA,false,post-baseline complete GSC/GA4/click/complete/backlink/internal role/topic owner/freshness/claim/revision history; current M01 lookback is not the 2026-11-08 review window
202,en,mbti-narrative-portrait,https://fermatmind.com/en/articles/mbti-narrative-portrait,2026-08-10T12:00:00+08:00,2026-11-08,Unknown; absent from capped M01 page export (not zero),Unknown,Unknown,Unknown,Unknown,article_cohort:0;sitewide:Unknown,Unknown,2026-08-03T08:24:52.000000Z,Unknown,463,NOT_AUTHORIZED_INCOMPLETE_90D,NEED_MORE_DATA,false,post-baseline complete GSC/GA4/click/complete/backlink/internal role/topic owner/freshness/claim/revision history; current M01 lookback is not the 2026-11-08 review window
34,en,mbti-personality-test-science-vs-pseudoscience,https://fermatmind.com/en/articles/mbti-personality-test-science-vs-pseudoscience,2026-08-10T12:00:00+08:00,2026-11-08,source-limited M01 page row: clicks=0; impressions=185; ctr=0.0%; position=13.53,Unknown,Unknown,Unknown,Unknown,article_cohort:0;sitewide:Unknown,Unknown,2026-06-23T13:01:33.000000Z,Unknown,70,NOT_AUTHORIZED_INCOMPLETE_90D,NEED_MORE_DATA,false,post-baseline complete GSC/GA4/click/complete/backlink/internal role/topic owner/freshness/claim/revision history; current M01 lookback is not the 2026-11-08 review window
39,en,mbti-vs-holland-code-career-choice,https://fermatmind.com/en/articles/mbti-vs-holland-code-career-choice,2026-08-10T12:00:00+08:00,2026-11-08,source-limited M01 page row: clicks=2; impressions=203; ctr=0.99%; position=9.06,Unknown,Unknown,Unknown,Unknown,article_cohort:0;sitewide:Unknown,Unknown,2026-06-03T04:43:00.000000Z,Unknown,44,NOT_AUTHORIZED_INCOMPLETE_90D,NEED_MORE_DATA,false,post-baseline complete GSC/GA4/click/complete/backlink/internal role/topic owner/freshness/claim/revision history; current M01 lookback is not the 2026-11-08 review window
71,en,unwanted-major-adjustment-riasec-transfer-plan,https://fermatmind.com/en/articles/unwanted-major-adjustment-riasec-transfer-plan,2026-08-10T12:00:00+08:00,2026-11-08,source-limited M01 page row: clicks=0; impressions=61; ctr=0.0%; position=16.84,Unknown,Unknown,Unknown,Unknown,article_cohort:0;sitewide:Unknown,Unknown,2026-07-01T03:37:26.000000Z,Unknown,91,NOT_AUTHORIZED_INCOMPLETE_90D,NEED_MORE_DATA,false,post-baseline complete GSC/GA4/click/complete/backlink/internal role/topic owner/freshness/claim/revision history; current M01 lookback is not the 2026-11-08 review window
75,en,unwanted-major-repeat-or-stay-riasec-decision-checklist,https://fermatmind.com/en/articles/unwanted-major-repeat-or-stay-riasec-decision-checklist,2026-08-10T12:00:00+08:00,2026-11-08,source-limited M01 page row: clicks=1; impressions=138; ctr=0.72%; position=17.2,Unknown,Unknown,Unknown,Unknown,article_cohort:0;sitewide:Unknown,Unknown,2026-07-03T05:24:05.000000Z,Unknown,95,NOT_AUTHORIZED_INCOMPLETE_90D,NEED_MORE_DATA,false,post-baseline complete GSC/GA4/click/complete/backlink/internal role/topic owner/freshness/claim/revision history; current M01 lookback is not the 2026-11-08 review window
41,en,what-is-riasec-holland-code-career-interest-test,https://fermatmind.com/en/articles/what-is-riasec-holland-code-career-interest-test,2026-08-10T12:00:00+08:00,2026-11-08,source-limited M01 page row: clicks=10; impressions=4252; ctr=0.24%; position=20.48,Unknown,Unknown,Unknown,Unknown,article_cohort:0;sitewide:Unknown,Top10 owner/support,2026-06-25T07:23:31.000000Z,Unknown,67,NOT_AUTHORIZED_INCOMPLETE_90D,NEED_MORE_DATA,false,post-baseline complete GSC/GA4/click/complete/backlink/internal role/topic owner/freshness/claim/revision history; current M01 lookback is not the 2026-11-08 review window
25,en,which-love-script-fits-you-best,https://fermatmind.com/en/articles/which-love-script-fits-you-best,2026-08-10T12:00:00+08:00,2026-11-08,source-limited M01 page row: clicks=0; impressions=12; ctr=0.0%; position=9.67,Unknown,Unknown,Unknown,Unknown,article_cohort:0;sitewide:Unknown,Unknown,2026-04-23T13:19:30.000000Z,Unknown,24,NOT_AUTHORIZED_INCOMPLETE_90D,NEED_MORE_DATA,false,post-baseline complete GSC/GA4/click/complete/backlink/internal role/topic owner/freshness/claim/revision history; current M01 lookback is not the 2026-11-08 review window
42,en,why-mbti-and-holland-code-results-dont-match,https://fermatmind.com/en/articles/why-mbti-and-holland-code-results-dont-match,2026-08-10T12:00:00+08:00,2026-11-08,Unknown; absent from capped M01 page export (not zero),Unknown,Unknown,Unknown,Unknown,article_cohort:0;sitewide:Unknown,Unknown,2026-06-11T05:24:12.000000Z,Unknown,47,NOT_AUTHORIZED_INCOMPLETE_90D,NEED_MORE_DATA,false,post-baseline complete GSC/GA4/click/complete/backlink/internal role/topic owner/freshness/claim/revision history; current M01 lookback is not the 2026-11-08 review window
136,zh,apply-personality-research-without-overclaiming,https://fermatmind.com/zh/articles/apply-personality-research-without-overclaiming,2026-08-10T12:00:00+08:00,2026-11-08,source-limited M01 page row: clicks=0; impressions=5; ctr=0.0%; position=8.6,Unknown,Unknown,Unknown,Unknown,article_cohort:0;sitewide:Unknown,Unknown,2026-07-24T03:23:26.000000Z,Unknown,429,NOT_AUTHORIZED_INCOMPLETE_90D,NEED_MORE_DATA,false,post-baseline complete GSC/GA4/click/complete/backlink/internal role/topic owner/freshness/claim/revision history; current M01 lookback is not the 2026-11-08 review window
11,zh,are-infj-men-rare-or-socially-silenced,https://fermatmind.com/zh/articles/are-infj-men-rare-or-socially-silenced,2026-08-10T12:00:00+08:00,2026-11-08,source-limited M01 page row: clicks=12; impressions=424; ctr=2.83%; position=9.84,Unknown,Unknown,Unknown,Unknown,article_cohort:0;sitewide:Unknown,Top10 owner/support,2026-07-29T03:37:38.000000Z,Unknown,436,NOT_AUTHORIZED_INCOMPLETE_90D,NEED_MORE_DATA,false,post-baseline complete GSC/GA4/click/complete/backlink/internal role/topic owner/freshness/claim/revision history; current M01 lookback is not the 2026-11-08 review window
12,zh,best-valentines-date-by-personality-and-relationship-science,https://fermatmind.com/zh/articles/best-valentines-date-by-personality-and-relationship-science,2026-08-10T12:00:00+08:00,2026-11-08,Unknown; absent from capped M01 page export (not zero),Unknown,Unknown,Unknown,Unknown,article_cohort:0;sitewide:Unknown,Unknown,2026-07-29T03:37:38.000000Z,Unknown,437,NOT_AUTHORIZED_INCOMPLETE_90D,NEED_MORE_DATA,false,post-baseline complete GSC/GA4/click/complete/backlink/internal role/topic owner/freshness/claim/revision history; current M01 lookback is not the 2026-11-08 review window
137,zh,big-five-30-day-observation-and-review-plan,https://fermatmind.com/zh/articles/big-five-30-day-observation-and-review-plan,2026-08-10T12:00:00+08:00,2026-11-08,Unknown; absent from capped M01 page export (not zero),Unknown,Unknown,Unknown,Unknown,article_cohort:0;sitewide:Unknown,Unknown,2026-07-24T02:49:30.000000Z,Unknown,389,NOT_AUTHORIZED_INCOMPLETE_90D,NEED_MORE_DATA,false,post-baseline complete GSC/GA4/click/complete/backlink/internal role/topic owner/freshness/claim/revision history; current M01 lookback is not the 2026-11-08 review window
138,zh,big-five-30-facets-explained-with-model-caveats,https://fermatmind.com/zh/articles/big-five-30-facets-explained-with-model-caveats,2026-08-10T12:00:00+08:00,2026-11-08,Unknown; absent from capped M01 page export (not zero),Unknown,Unknown,Unknown,Unknown,article_cohort:0;sitewide:Unknown,Unknown,2026-07-24T02:49:18.000000Z,Unknown,384,NOT_AUTHORIZED_INCOMPLETE_90D,NEED_MORE_DATA,false,post-baseline complete GSC/GA4/click/complete/backlink/internal role/topic owner/freshness/claim/revision history; current M01 lookback is not the 2026-11-08 review window
139,zh,big-five-communication-needs-conversation-prompts,https://fermatmind.com/zh/articles/big-five-communication-needs-conversation-prompts,2026-08-10T12:00:00+08:00,2026-11-08,Unknown; absent from capped M01 page export (not zero),Unknown,Unknown,Unknown,Unknown,article_cohort:0;sitewide:Unknown,Unknown,2026-07-24T03:21:37.000000Z,Unknown,399,NOT_AUTHORIZED_INCOMPLETE_90D,NEED_MORE_DATA,false,post-baseline complete GSC/GA4/click/complete/backlink/internal role/topic owner/freshness/claim/revision history; current M01 lookback is not the 2026-11-08 review window
140,zh,big-five-conflict-patterns-observe-before-explaining,https://fermatmind.com/zh/articles/big-five-conflict-patterns-observe-before-explaining,2026-08-10T12:00:00+08:00,2026-11-08,Unknown; absent from capped M01 page export (not zero),Unknown,Unknown,Unknown,Unknown,article_cohort:0;sitewide:Unknown,Unknown,2026-07-24T03:21:42.000000Z,Unknown,400,NOT_AUTHORIZED_INCOMPLETE_90D,NEED_MORE_DATA,false,post-baseline complete GSC/GA4/click/complete/backlink/internal role/topic owner/freshness/claim/revision history; current M01 lookback is not the 2026-11-08 review window
80,zh,big-five-conscientiousness-low-procrastination-task-plan,https://fermatmind.com/zh/articles/big-five-conscientiousness-low-procrastination-task-plan,2026-08-10T12:00:00+08:00,2026-11-08,source-limited M01 page row: clicks=1; impressions=73; ctr=1.37%; position=17.04,Unknown,Unknown,Unknown,Unknown,article_cohort:0;sitewide:Unknown,Unknown,2026-07-16T18:50:08.000000Z,Unknown,332,NOT_AUTHORIZED_INCOMPLETE_90D,NEED_MORE_DATA,false,post-baseline complete GSC/GA4/click/complete/backlink/internal role/topic owner/freshness/claim/revision history; current M01 lookback is not the 2026-11-08 review window
141,zh,big-five-couples-conversation-not-relationship-prediction,https://fermatmind.com/zh/articles/big-five-couples-conversation-not-relationship-prediction,2026-08-10T12:00:00+08:00,2026-11-08,source-limited M01 page row: clicks=0; impressions=11; ctr=0.0%; position=7.91,Unknown,Unknown,Unknown,Unknown,article_cohort:0;sitewide:Unknown,Unknown,2026-07-24T03:21:49.000000Z,Unknown,401,NOT_AUTHORIZED_INCOMPLETE_90D,NEED_MORE_DATA,false,post-baseline complete GSC/GA4/click/complete/backlink/internal role/topic owner/freshness/claim/revision history; current M01 lookback is not the 2026-11-08 review window
142,zh,big-five-cross-cultural-research-and-translation-limits,https://fermatmind.com/zh/articles/big-five-cross-cultural-research-and-translation-limits,2026-08-10T12:00:00+08:00,2026-11-08,Unknown; absent from capped M01 page export (not zero),Unknown,Unknown,Unknown,Unknown,article_cohort:0;sitewide:Unknown,Unknown,2026-07-24T03:23:04.000000Z,Unknown,419,NOT_AUTHORIZED_INCOMPLETE_90D,NEED_MORE_DATA,false,post-baseline complete GSC/GA4/click/complete/backlink/internal role/topic owner/freshness/claim/revision history; current M01 lookback is not the 2026-11-08 review window
143,zh,big-five-decision-journal-observe-style-not-quality,https://fermatmind.com/zh/articles/big-five-decision-journal-observe-style-not-quality,2026-08-10T12:00:00+08:00,2026-11-08,Unknown; absent from capped M01 page export (not zero),Unknown,Unknown,Unknown,Unknown,article_cohort:0;sitewide:Unknown,Unknown,2026-07-24T03:22:00.000000Z,Unknown,404,NOT_AUTHORIZED_INCOMPLETE_90D,NEED_MORE_DATA,false,post-baseline complete GSC/GA4/click/complete/backlink/internal role/topic owner/freshness/claim/revision history; current M01 lookback is not the 2026-11-08 review window
78,zh,big-five-emotional-stability-stress-recovery-communication,https://fermatmind.com/zh/articles/big-five-emotional-stability-stress-recovery-communication,2026-08-10T12:00:00+08:00,2026-11-08,source-limited M01 page row: clicks=0; impressions=420; ctr=0.0%; position=14.48,Unknown,Unknown,Unknown,Unknown,article_cohort:0;sitewide:Unknown,Top10 owner/support,2026-07-16T18:50:09.000000Z,Unknown,336,NOT_AUTHORIZED_INCOMPLETE_90D,NEED_MORE_DATA,false,post-baseline complete GSC/GA4/click/complete/backlink/internal role/topic owner/freshness/claim/revision history; current M01 lookback is not the 2026-11-08 review window
144,zh,big-five-evidence-strength-from-one-study-to-review,https://fermatmind.com/zh/articles/big-five-evidence-strength-from-one-study-to-review,2026-08-10T12:00:00+08:00,2026-11-08,Unknown; absent from capped M01 page export (not zero),Unknown,Unknown,Unknown,Unknown,article_cohort:0;sitewide:Unknown,Unknown,2026-07-24T03:23:28.000000Z,Unknown,430,NOT_AUTHORIZED_INCOMPLETE_90D,NEED_MORE_DATA,false,post-baseline complete GSC/GA4/click/complete/backlink/internal role/topic owner/freshness/claim/revision history; current M01 lookback is not the 2026-11-08 review window
145,zh,big-five-feedback-preferences-as-hypotheses,https://fermatmind.com/zh/articles/big-five-feedback-preferences-as-hypotheses,2026-08-10T12:00:00+08:00,2026-11-08,Unknown; absent from capped M01 page export (not zero),Unknown,Unknown,Unknown,Unknown,article_cohort:0;sitewide:Unknown,Unknown,2026-07-24T02:49:41.000000Z,Unknown,394,NOT_AUTHORIZED_INCOMPLETE_90D,NEED_MORE_DATA,false,post-baseline complete GSC/GA4/click/complete/backlink/internal role/topic owner/freshness/claim/revision history; current M01 lookback is not the 2026-11-08 review window
146,zh,big-five-friendship-differences-without-compatibility-scores,https://fermatmind.com/zh/articles/big-five-friendship-differences-without-compatibility-scores,2026-08-10T12:00:00+08:00,2026-11-08,Unknown; absent from capped M01 page export (not zero),Unknown,Unknown,Unknown,Unknown,article_cohort:0;sitewide:Unknown,Unknown,2026-07-24T03:21:52.000000Z,Unknown,402,NOT_AUTHORIZED_INCOMPLETE_90D,NEED_MORE_DATA,false,post-baseline complete GSC/GA4/click/complete/backlink/internal role/topic owner/freshness/claim/revision history; current M01 lookback is not the 2026-11-08 review window
147,zh,big-five-goal-setting-use-results-as-hypotheses,https://fermatmind.com/zh/articles/big-five-goal-setting-use-results-as-hypotheses,2026-08-10T12:00:00+08:00,2026-11-08,Unknown; absent from capped M01 page export (not zero),Unknown,Unknown,Unknown,Unknown,article_cohort:0;sitewide:Unknown,Unknown,2026-07-24T03:22:29.000000Z,Unknown,409,NOT_AUTHORIZED_INCOMPLETE_90D,NEED_MORE_DATA,false,post-baseline complete GSC/GA4/click/complete/backlink/internal role/topic owner/freshness/claim/revision history; current M01 lookback is not the 2026-11-08 review window
1,zh,big-five-growth-guide,https://fermatmind.com/zh/articles/big-five-growth-guide,2026-08-10T12:00:00+08:00,2026-11-08,source-limited M01 page row: clicks=0; impressions=119; ctr=0.0%; position=10.61,Unknown,Unknown,Unknown,Unknown,article_cohort:0;sitewide:Unknown,Unknown,2026-07-29T11:48:03.000000Z,Unknown,446,NOT_AUTHORIZED_INCOMPLETE_90D,NEED_MORE_DATA,false,post-baseline complete GSC/GA4/click/complete/backlink/internal role/topic owner/freshness/claim/revision history; current M01 lookback is not the 2026-11-08 review window
148,zh,big-five-leadership-reflection-not-leader-prediction,https://fermatmind.com/zh/articles/big-five-leadership-reflection-not-leader-prediction,2026-08-10T12:00:00+08:00,2026-11-08,Unknown; absent from capped M01 page export (not zero),Unknown,Unknown,Unknown,Unknown,article_cohort:0;sitewide:Unknown,Unknown,2026-07-24T02:49:43.000000Z,Unknown,395,NOT_AUTHORIZED_INCOMPLETE_90D,NEED_MORE_DATA,false,post-baseline complete GSC/GA4/click/complete/backlink/internal role/topic owner/freshness/claim/revision history; current M01 lookback is not the 2026-11-08 review window
149,zh,big-five-learning-preferences-test-dont-prescribe,https://fermatmind.com/zh/articles/big-five-learning-preferences-test-dont-prescribe,2026-08-10T12:00:00+08:00,2026-11-08,Unknown; absent from capped M01 page export (not zero),Unknown,Unknown,Unknown,Unknown,article_cohort:0;sitewide:Unknown,Unknown,2026-07-24T03:22:04.000000Z,Unknown,405,NOT_AUTHORIZED_INCOMPLETE_90D,NEED_MORE_DATA,false,post-baseline complete GSC/GA4/click/complete/backlink/internal role/topic owner/freshness/claim/revision history; current M01 lookback is not the 2026-11-08 review window
150,zh,big-five-meeting-participation-without-personality-labels,https://fermatmind.com/zh/articles/big-five-meeting-participation-without-personality-labels,2026-08-10T12:00:00+08:00,2026-11-08,Unknown; absent from capped M01 page export (not zero),Unknown,Unknown,Unknown,Unknown,article_cohort:0;sitewide:Unknown,Unknown,2026-07-24T02:49:45.000000Z,Unknown,396,NOT_AUTHORIZED_INCOMPLETE_90D,NEED_MORE_DATA,false,post-baseline complete GSC/GA4/click/complete/backlink/internal role/topic owner/freshness/claim/revision history; current M01 lookback is not the 2026-11-08 review window
151,zh,big-five-model-history-from-words-to-traits,https://fermatmind.com/zh/articles/big-five-model-history-from-words-to-traits,2026-08-10T12:00:00+08:00,2026-11-08,Unknown; absent from capped M01 page export (not zero),Unknown,Unknown,Unknown,Unknown,article_cohort:0;sitewide:Unknown,Unknown,2026-07-24T02:49:21.000000Z,Unknown,385,NOT_AUTHORIZED_INCOMPLETE_90D,NEED_MORE_DATA,false,post-baseline complete GSC/GA4/click/complete/backlink/internal role/topic owner/freshness/claim/revision history; current M01 lookback is not the 2026-11-08 review window
152,zh,big-five-myths-types-destiny-and-perfect-scores,https://fermatmind.com/zh/articles/big-five-myths-types-destiny-and-perfect-scores,2026-08-10T12:00:00+08:00,2026-11-08,Unknown; absent from capped M01 page export (not zero),Unknown,Unknown,Unknown,Unknown,article_cohort:0;sitewide:Unknown,Unknown,2026-07-24T03:23:15.000000Z,Unknown,424,NOT_AUTHORIZED_INCOMPLETE_90D,NEED_MORE_DATA,false,post-baseline complete GSC/GA4/click/complete/backlink/internal role/topic owner/freshness/claim/revision history; current M01 lookback is not the 2026-11-08 review window
2,zh,big-five-narrative-portrait,https://fermatmind.com/zh/articles/big-five-narrative-portrait,2026-08-10T12:00:00+08:00,2026-11-08,source-limited M01 page row: clicks=0; impressions=60; ctr=0.0%; position=12.93,Unknown,Unknown,Unknown,Unknown,article_cohort:0;sitewide:Unknown,Unknown,2026-07-29T11:48:03.000000Z,Unknown,445,NOT_AUTHORIZED_INCOMPLETE_90D,NEED_MORE_DATA,false,post-baseline complete GSC/GA4/click/complete/backlink/internal role/topic owner/freshness/claim/revision history; current M01 lookback is not the 2026-11-08 review window
153,zh,big-five-personal-boundaries-traits-do-not-override-consent,https://fermatmind.com/zh/articles/big-five-personal-boundaries-traits-do-not-override-consent,2026-08-10T12:00:00+08:00,2026-11-08,Unknown; absent from capped M01 page export (not zero),Unknown,Unknown,Unknown,Unknown,article_cohort:0;sitewide:Unknown,Unknown,2026-07-24T03:21:57.000000Z,Unknown,403,NOT_AUTHORIZED_INCOMPLETE_90D,NEED_MORE_DATA,false,post-baseline complete GSC/GA4/click/complete/backlink/internal role/topic owner/freshness/claim/revision history; current M01 lookback is not the 2026-11-08 review window
36,zh,big-five-personality-test-vs-mbti,https://fermatmind.com/zh/articles/big-five-personality-test-vs-mbti,2026-08-10T12:00:00+08:00,2026-11-08,Unknown; absent from capped M01 page export (not zero),Unknown,Unknown,Unknown,Unknown,article_cohort:0;sitewide:Unknown,Unknown,2026-07-16T18:50:12.000000Z,Unknown,349,NOT_AUTHORIZED_INCOMPLETE_90D,NEED_MORE_DATA,false,post-baseline complete GSC/GA4/click/complete/backlink/internal role/topic owner/freshness/claim/revision history; current M01 lookback is not the 2026-11-08 review window
154,zh,big-five-planning-system-run-a-two-week-experiment,https://fermatmind.com/zh/articles/big-five-planning-system-run-a-two-week-experiment,2026-08-10T12:00:00+08:00,2026-11-08,Unknown; absent from capped M01 page export (not zero),Unknown,Unknown,Unknown,Unknown,article_cohort:0;sitewide:Unknown,Unknown,2026-07-24T03:22:07.000000Z,Unknown,406,NOT_AUTHORIZED_INCOMPLETE_90D,NEED_MORE_DATA,false,post-baseline complete GSC/GA4/click/complete/backlink/internal role/topic owner/freshness/claim/revision history; current M01 lookback is not the 2026-11-08 review window
155,zh,big-five-retest-differences-measurement-and-context,https://fermatmind.com/zh/articles/big-five-retest-differences-measurement-and-context,2026-08-10T12:00:00+08:00,2026-11-08,Unknown; absent from capped M01 page export (not zero),Unknown,Unknown,Unknown,Unknown,article_cohort:0;sitewide:Unknown,Unknown,2026-07-24T03:23:06.000000Z,Unknown,420,NOT_AUTHORIZED_INCOMPLETE_90D,NEED_MORE_DATA,false,post-baseline complete GSC/GA4/click/complete/backlink/internal role/topic owner/freshness/claim/revision history; current M01 lookback is not the 2026-11-08 review window
156,zh,big-five-score-ranges-what-high-middle-low-can-mean,https://fermatmind.com/zh/articles/big-five-score-ranges-what-high-middle-low-can-mean,2026-08-10T12:00:00+08:00,2026-11-08,Unknown; absent from capped M01 page export (not zero),Unknown,Unknown,Unknown,Unknown,article_cohort:0;sitewide:Unknown,Unknown,2026-07-24T02:49:32.000000Z,Unknown,390,NOT_AUTHORIZED_INCOMPLETE_90D,NEED_MORE_DATA,false,post-baseline complete GSC/GA4/click/complete/backlink/internal role/topic owner/freshness/claim/revision history; current M01 lookback is not the 2026-11-08 review window
157,zh,big-five-self-regulation-build-a-context-plan,https://fermatmind.com/zh/articles/big-five-self-regulation-build-a-context-plan,2026-08-10T12:00:00+08:00,2026-11-08,Unknown; absent from capped M01 page export (not zero),Unknown,Unknown,Unknown,Unknown,article_cohort:0;sitewide:Unknown,Unknown,2026-07-24T03:22:47.000000Z,Unknown,414,NOT_AUTHORIZED_INCOMPLETE_90D,NEED_MORE_DATA,false,post-baseline complete GSC/GA4/click/complete/backlink/internal role/topic owner/freshness/claim/revision history; current M01 lookback is not the 2026-11-08 review window
158,zh,big-five-self-report-bias-and-response-context,https://fermatmind.com/zh/articles/big-five-self-report-bias-and-response-context,2026-08-10T12:00:00+08:00,2026-11-08,Unknown; absent from capped M01 page export (not zero),Unknown,Unknown,Unknown,Unknown,article_cohort:0;sitewide:Unknown,Unknown,2026-07-24T03:23:08.000000Z,Unknown,421,NOT_AUTHORIZED_INCOMPLETE_90D,NEED_MORE_DATA,false,post-baseline complete GSC/GA4/click/complete/backlink/internal role/topic owner/freshness/claim/revision history; current M01 lookback is not the 2026-11-08 review window
159,zh,big-five-stress-response-patterns-without-diagnosis,https://fermatmind.com/zh/articles/big-five-stress-response-patterns-without-diagnosis,2026-08-10T12:00:00+08:00,2026-11-08,source-limited M01 page row: clicks=0; impressions=4; ctr=0.0%; position=8.0,Unknown,Unknown,Unknown,Unknown,article_cohort:0;sitewide:Unknown,Unknown,2026-07-24T03:22:49.000000Z,Unknown,415,NOT_AUTHORIZED_INCOMPLETE_90D,NEED_MORE_DATA,false,post-baseline complete GSC/GA4/click/complete/backlink/internal role/topic owner/freshness/claim/revision history; current M01 lookback is not the 2026-11-08 review window
160,zh,big-five-study-limitations-sample-measures-and-causality,https://fermatmind.com/zh/articles/big-five-study-limitations-sample-measures-and-causality,2026-08-10T12:00:00+08:00,2026-11-08,Unknown; absent from capped M01 page export (not zero),Unknown,Unknown,Unknown,Unknown,article_cohort:0;sitewide:Unknown,Unknown,2026-07-24T03:23:33.000000Z,Unknown,431,NOT_AUTHORIZED_INCOMPLETE_90D,NEED_MORE_DATA,false,post-baseline complete GSC/GA4/click/complete/backlink/internal role/topic owner/freshness/claim/revision history; current M01 lookback is not the 2026-11-08 review window
161,zh,big-five-teamwork-conversation-guide-not-fit-score,https://fermatmind.com/zh/articles/big-five-teamwork-conversation-guide-not-fit-score,2026-08-10T12:00:00+08:00,2026-11-08,Unknown; absent from capped M01 page export (not zero),Unknown,Unknown,Unknown,Unknown,article_cohort:0;sitewide:Unknown,Unknown,2026-07-24T02:49:47.000000Z,Unknown,397,NOT_AUTHORIZED_INCOMPLETE_90D,NEED_MORE_DATA,false,post-baseline complete GSC/GA4/click/complete/backlink/internal role/topic owner/freshness/claim/revision history; current M01 lookback is not the 2026-11-08 review window
3,zh,big-five-tool-guide,https://fermatmind.com/zh/articles/big-five-tool-guide,2026-08-10T12:00:00+08:00,2026-11-08,source-limited M01 page row: clicks=18; impressions=2191; ctr=0.82%; position=7.82,Unknown,Unknown,Unknown,Unknown,article_cohort:0;sitewide:Unknown,Top10 owner/support,2026-07-24T02:31:11.000000Z,Unknown,383,NOT_AUTHORIZED_INCOMPLETE_90D,NEED_MORE_DATA,false,post-baseline complete GSC/GA4/click/complete/backlink/internal role/topic owner/freshness/claim/revision history; current M01 lookback is not the 2026-11-08 review window
162,zh,big-five-traits-are-continuums-not-boxes,https://fermatmind.com/zh/articles/big-five-traits-are-continuums-not-boxes,2026-08-10T12:00:00+08:00,2026-11-08,Unknown; absent from capped M01 page export (not zero),Unknown,Unknown,Unknown,Unknown,article_cohort:0;sitewide:Unknown,Unknown,2026-07-24T02:49:23.000000Z,Unknown,386,NOT_AUTHORIZED_INCOMPLETE_90D,NEED_MORE_DATA,false,post-baseline complete GSC/GA4/click/complete/backlink/internal role/topic owner/freshness/claim/revision history; current M01 lookback is not the 2026-11-08 review window
163,zh,big-five-vs-disc-measurement-and-workplace-language,https://fermatmind.com/zh/articles/big-five-vs-disc-measurement-and-workplace-language,2026-08-10T12:00:00+08:00,2026-11-08,source-limited M01 page row: clicks=0; impressions=16; ctr=0.0%; position=6.69,Unknown,Unknown,Unknown,Unknown,article_cohort:0;sitewide:Unknown,Unknown,2026-07-24T03:23:17.000000Z,Unknown,425,NOT_AUTHORIZED_INCOMPLETE_90D,NEED_MORE_DATA,false,post-baseline complete GSC/GA4/click/complete/backlink/internal role/topic owner/freshness/claim/revision history; current M01 lookback is not the 2026-11-08 review window
164,zh,big-five-vs-enneagram-traits-and-motivation-stories,https://fermatmind.com/zh/articles/big-five-vs-enneagram-traits-and-motivation-stories,2026-08-10T12:00:00+08:00,2026-11-08,source-limited M01 page row: clicks=0; impressions=6; ctr=0.0%; position=7.17,Unknown,Unknown,Unknown,Unknown,article_cohort:0;sitewide:Unknown,Unknown,2026-07-24T03:23:19.000000Z,Unknown,426,NOT_AUTHORIZED_INCOMPLETE_90D,NEED_MORE_DATA,false,post-baseline complete GSC/GA4/click/complete/backlink/internal role/topic owner/freshness/claim/revision history; current M01 lookback is not the 2026-11-08 review window
165,zh,big-five-vs-riasec-personality-traits-and-career-interests,https://fermatmind.com/zh/articles/big-five-vs-riasec-personality-traits-and-career-interests,2026-08-10T12:00:00+08:00,2026-11-08,Unknown; absent from capped M01 page export (not zero),Unknown,Unknown,Unknown,Unknown,article_cohort:0;sitewide:Unknown,Unknown,2026-07-24T03:23:21.000000Z,Unknown,427,NOT_AUTHORIZED_INCOMPLETE_90D,NEED_MORE_DATA,false,post-baseline complete GSC/GA4/click/complete/backlink/internal role/topic owner/freshness/claim/revision history; current M01 lookback is not the 2026-11-08 review window
166,zh,big-five-work-environment-preferences-as-experiments,https://fermatmind.com/zh/articles/big-five-work-environment-preferences-as-experiments,2026-08-10T12:00:00+08:00,2026-11-08,Unknown; absent from capped M01 page export (not zero),Unknown,Unknown,Unknown,Unknown,article_cohort:0;sitewide:Unknown,Unknown,2026-07-24T03:21:34.000000Z,Unknown,398,NOT_AUTHORIZED_INCOMPLETE_90D,NEED_MORE_DATA,false,post-baseline complete GSC/GA4/click/complete/backlink/internal role/topic owner/freshness/claim/revision history; current M01 lookback is not the 2026-11-08 review window
167,zh,can-big-five-personality-traits-change-over-time,https://fermatmind.com/zh/articles/can-big-five-personality-traits-change-over-time,2026-08-10T12:00:00+08:00,2026-11-08,Unknown; absent from capped M01 page export (not zero),Unknown,Unknown,Unknown,Unknown,article_cohort:0;sitewide:Unknown,Unknown,2026-07-24T03:22:32.000000Z,Unknown,410,NOT_AUTHORIZED_INCOMPLETE_90D,NEED_MORE_DATA,false,post-baseline complete GSC/GA4/click/complete/backlink/internal role/topic owner/freshness/claim/revision history; current M01 lookback is not the 2026-11-08 review window
48,zh,career-confusion-test-map,https://fermatmind.com/zh/articles/career-confusion-test-map,2026-08-10T12:00:00+08:00,2026-11-08,source-limited M01 page row: clicks=0; impressions=125; ctr=0.0%; position=9.15,Unknown,Unknown,Unknown,Unknown,article_cohort:0;sitewide:Unknown,Unknown,2026-06-25T15:07:00.000000Z,Unknown,54,NOT_AUTHORIZED_INCOMPLETE_90D,NEED_MORE_DATA,false,post-baseline complete GSC/GA4/click/complete/backlink/internal role/topic owner/freshness/claim/revision history; current M01 lookback is not the 2026-11-08 review window
46,zh,career-interest-vs-personality-test-differences,https://fermatmind.com/zh/articles/career-interest-vs-personality-test-differences,2026-08-10T12:00:00+08:00,2026-11-08,Unknown; absent from capped M01 page export (not zero),Unknown,Unknown,Unknown,Unknown,article_cohort:0;sitewide:Unknown,Unknown,2026-06-25T15:07:01.000000Z,Unknown,52,NOT_AUTHORIZED_INCOMPLETE_90D,NEED_MORE_DATA,false,post-baseline complete GSC/GA4/click/complete/backlink/internal role/topic owner/freshness/claim/revision history; current M01 lookback is not the 2026-11-08 review window
13,zh,childhood-dream-job-still-shapes-career-choice,https://fermatmind.com/zh/articles/childhood-dream-job-still-shapes-career-choice,2026-08-10T12:00:00+08:00,2026-11-08,source-limited M01 page row: clicks=0; impressions=52; ctr=0.0%; position=8.83,Unknown,Unknown,Unknown,Unknown,article_cohort:0;sitewide:Unknown,Unknown,2026-07-29T03:37:38.000000Z,Unknown,439,NOT_AUTHORIZED_INCOMPLETE_90D,NEED_MORE_DATA,false,post-baseline complete GSC/GA4/click/complete/backlink/internal role/topic owner/freshness/claim/revision history; current M01 lookback is not the 2026-11-08 review window
52,zh,college-major-choice-holland-mbti-career-test,https://fermatmind.com/zh/articles/college-major-choice-holland-mbti-career-test,2026-08-10T12:00:00+08:00,2026-11-08,source-limited M01 page row: clicks=1; impressions=517; ctr=0.19%; position=6.33,Unknown,Unknown,Unknown,Unknown,article_cohort:0;sitewide:Unknown,Unknown,2026-06-25T14:25:28.000000Z,Unknown,64,NOT_AUTHORIZED_INCOMPLETE_90D,NEED_MORE_DATA,false,post-baseline complete GSC/GA4/click/complete/backlink/internal role/topic owner/freshness/claim/revision history; current M01 lookback is not the 2026-11-08 review window
168,zh,daily-wellbeing-support-personality-is-one-context,https://fermatmind.com/zh/articles/daily-wellbeing-support-personality-is-one-context,2026-08-10T12:00:00+08:00,2026-11-08,Unknown; absent from capped M01 page export (not zero),Unknown,Unknown,Unknown,Unknown,article_cohort:0;sitewide:Unknown,Unknown,2026-07-24T03:22:52.000000Z,Unknown,416,NOT_AUTHORIZED_INCOMPLETE_90D,NEED_MORE_DATA,false,post-baseline complete GSC/GA4/click/complete/backlink/internal role/topic owner/freshness/claim/revision history; current M01 lookback is not the 2026-11-08 review window
51,zh,enneagram-personality-test-explained,https://fermatmind.com/zh/articles/enneagram-personality-test-explained,2026-08-10T12:00:00+08:00,2026-11-08,source-limited M01 page row: clicks=6; impressions=1804; ctr=0.33%; position=9.72,Unknown,Unknown,Unknown,Unknown,article_cohort:0;sitewide:Unknown,Top10 owner/support,2026-06-25T14:25:28.000000Z,Unknown,73,NOT_AUTHORIZED_INCOMPLETE_90D,NEED_MORE_DATA,false,post-baseline complete GSC/GA4/click/complete/backlink/internal role/topic owner/freshness/claim/revision history; current M01 lookback is not the 2026-11-08 review window
68,zh,enneagram-workplace-friction-core-motivations,https://fermatmind.com/zh/articles/enneagram-workplace-friction-core-motivations,2026-08-10T12:00:00+08:00,2026-11-08,source-limited M01 page row: clicks=0; impressions=685; ctr=0.0%; position=14.6,Unknown,Unknown,Unknown,Unknown,article_cohort:0;sitewide:Unknown,Unknown,2026-06-30T14:05:09.000000Z,Unknown,88,NOT_AUTHORIZED_INCOMPLETE_90D,NEED_MORE_DATA,false,post-baseline complete GSC/GA4/click/complete/backlink/internal role/topic owner/freshness/claim/revision history; current M01 lookback is not the 2026-11-08 review window
4,zh,eq-test-tool-guide,https://fermatmind.com/zh/articles/eq-test-tool-guide,2026-08-10T12:00:00+08:00,2026-11-08,source-limited M01 page row: clicks=1; impressions=521; ctr=0.19%; position=13.73,Unknown,Unknown,Unknown,Unknown,article_cohort:0;sitewide:Unknown,Unknown,2026-06-25T14:25:28.000000Z,Unknown,58,NOT_AUTHORIZED_INCOMPLETE_90D,NEED_MORE_DATA,false,post-baseline complete GSC/GA4/click/complete/backlink/internal role/topic owner/freshness/claim/revision history; current M01 lookback is not the 2026-11-08 review window
58,zh,gaokao-major-adjustment-unacceptable-major-checklist,https://fermatmind.com/zh/articles/gaokao-major-adjustment-unacceptable-major-checklist,2026-08-10T12:00:00+08:00,2026-11-08,source-limited M01 page row: clicks=6; impressions=4217; ctr=0.14%; position=7.31,Unknown,Unknown,Unknown,Unknown,article_cohort:0;sitewide:Unknown,Top10 owner/support,2026-06-28T03:50:23.000000Z,Unknown,78,NOT_AUTHORIZED_INCOMPLETE_90D,NEED_MORE_DATA,false,post-baseline complete GSC/GA4/click/complete/backlink/internal role/topic owner/freshness/claim/revision history; current M01 lookback is not the 2026-11-08 review window
55,zh,gaokao-major-choice-parent-conflict-riasec-course-checklist,https://fermatmind.com/zh/articles/gaokao-major-choice-parent-conflict-riasec-course-checklist,2026-08-10T12:00:00+08:00,2026-11-08,Unknown; absent from capped M01 page export (not zero),Unknown,Unknown,Unknown,Unknown,article_cohort:0;sitewide:Unknown,Unknown,2026-06-26T03:02:23.000000Z,Unknown,75,NOT_AUTHORIZED_INCOMPLETE_90D,NEED_MORE_DATA,false,post-baseline complete GSC/GA4/click/complete/backlink/internal role/topic owner/freshness/claim/revision history; current M01 lookback is not the 2026-11-08 review window
53,zh,gaokao-score-major-shortlist-riasec-checklist,https://fermatmind.com/zh/articles/gaokao-score-major-shortlist-riasec-checklist,2026-08-10T12:00:00+08:00,2026-11-08,Unknown; absent from capped M01 page export (not zero),Unknown,Unknown,Unknown,Unknown,article_cohort:0;sitewide:Unknown,Unknown,2026-06-19T05:34:06.000000Z,Unknown,65,NOT_AUTHORIZED_INCOMPLETE_90D,NEED_MORE_DATA,false,post-baseline complete GSC/GA4/click/complete/backlink/internal role/topic owner/freshness/claim/revision history; current M01 lookback is not the 2026-11-08 review window
169,zh,habits-and-big-five-traits-behavior-is-not-identity,https://fermatmind.com/zh/articles/habits-and-big-five-traits-behavior-is-not-identity,2026-08-10T12:00:00+08:00,2026-11-08,source-limited M01 page row: clicks=0; impressions=4; ctr=0.0%; position=11.75,Unknown,Unknown,Unknown,Unknown,article_cohort:0;sitewide:Unknown,Unknown,2026-07-24T03:22:36.000000Z,Unknown,411,NOT_AUTHORIZED_INCOMPLETE_90D,NEED_MORE_DATA,false,post-baseline complete GSC/GA4/click/complete/backlink/internal role/topic owner/freshness/claim/revision history; current M01 lookback is not the 2026-11-08 review window
31,zh,holland-career-interest-test-can-and-cannot-tell-you,https://fermatmind.com/zh/articles/holland-career-interest-test-can-and-cannot-tell-you,2026-08-10T12:00:00+08:00,2026-11-08,source-limited M01 page row: clicks=0; impressions=22; ctr=0.0%; position=8.91,Unknown,Unknown,Unknown,Unknown,article_cohort:0;sitewide:Unknown,Unknown,2026-05-14T10:50:08.000000Z,Unknown,36,NOT_AUTHORIZED_INCOMPLETE_90D,NEED_MORE_DATA,false,post-baseline complete GSC/GA4/click/complete/backlink/internal role/topic owner/freshness/claim/revision history; current M01 lookback is not the 2026-11-08 review window
64,zh,hot-major-fit-riasec-course-career-checklist,https://fermatmind.com/zh/articles/hot-major-fit-riasec-course-career-checklist,2026-08-10T12:00:00+08:00,2026-11-08,source-limited M01 page row: clicks=1; impressions=106; ctr=0.94%; position=14.73,Unknown,Unknown,Unknown,Unknown,article_cohort:0;sitewide:Unknown,Unknown,2026-06-30T10:25:47.000000Z,Unknown,84,NOT_AUTHORIZED_INCOMPLETE_90D,NEED_MORE_DATA,false,post-baseline complete GSC/GA4/click/complete/backlink/internal role/topic owner/freshness/claim/revision history; current M01 lookback is not the 2026-11-08 review window
14,zh,how-16-personality-types-talk-to-an-ai-coach,https://fermatmind.com/zh/articles/how-16-personality-types-talk-to-an-ai-coach,2026-08-10T12:00:00+08:00,2026-11-08,Unknown; absent from capped M01 page export (not zero),Unknown,Unknown,Unknown,Unknown,article_cohort:0;sitewide:Unknown,Unknown,2026-07-29T03:37:39.000000Z,Unknown,438,NOT_AUTHORIZED_INCOMPLETE_90D,NEED_MORE_DATA,false,post-baseline complete GSC/GA4/click/complete/backlink/internal role/topic owner/freshness/claim/revision history; current M01 lookback is not the 2026-11-08 review window
15,zh,how-personality-shapes-attitude-toward-ai,https://fermatmind.com/zh/articles/how-personality-shapes-attitude-toward-ai,2026-08-10T12:00:00+08:00,2026-11-08,source-limited M01 page row: clicks=2; impressions=73; ctr=2.74%; position=9.07,Unknown,Unknown,Unknown,Unknown,article_cohort:0;sitewide:Unknown,Unknown,2026-07-29T03:37:39.000000Z,Unknown,434,NOT_AUTHORIZED_INCOMPLETE_90D,NEED_MORE_DATA,false,post-baseline complete GSC/GA4/click/complete/backlink/internal role/topic owner/freshness/claim/revision history; current M01 lookback is not the 2026-11-08 review window
170,zh,how-to-discuss-big-five-results-with-someone-else,https://fermatmind.com/zh/articles/how-to-discuss-big-five-results-with-someone-else,2026-08-10T12:00:00+08:00,2026-11-08,Unknown; absent from capped M01 page export (not zero),Unknown,Unknown,Unknown,Unknown,article_cohort:0;sitewide:Unknown,Unknown,2026-07-24T02:49:34.000000Z,Unknown,391,NOT_AUTHORIZED_INCOMPLETE_90D,NEED_MORE_DATA,false,post-baseline complete GSC/GA4/click/complete/backlink/internal role/topic owner/freshness/claim/revision history; current M01 lookback is not the 2026-11-08 review window
171,zh,how-to-place-new-big-five-research-in-context,https://fermatmind.com/zh/articles/how-to-place-new-big-five-research-in-context,2026-08-10T12:00:00+08:00,2026-11-08,Unknown; absent from capped M01 page export (not zero),Unknown,Unknown,Unknown,Unknown,article_cohort:0;sitewide:Unknown,Unknown,2026-07-24T03:23:36.000000Z,Unknown,432,NOT_AUTHORIZED_INCOMPLETE_90D,NEED_MORE_DATA,false,post-baseline complete GSC/GA4/click/complete/backlink/internal role/topic owner/freshness/claim/revision history; current M01 lookback is not the 2026-11-08 review window
172,zh,how-to-read-a-big-five-research-paper,https://fermatmind.com/zh/articles/how-to-read-a-big-five-research-paper,2026-08-10T12:00:00+08:00,2026-11-08,Unknown; absent from capped M01 page export (not zero),Unknown,Unknown,Unknown,Unknown,article_cohort:0;sitewide:Unknown,Unknown,2026-07-24T03:23:38.000000Z,Unknown,433,NOT_AUTHORIZED_INCOMPLETE_90D,NEED_MORE_DATA,false,post-baseline complete GSC/GA4/click/complete/backlink/internal role/topic owner/freshness/claim/revision history; current M01 lookback is not the 2026-11-08 review window
173,zh,how-to-read-big-five-results-without-self-labeling,https://fermatmind.com/zh/articles/how-to-read-big-five-results-without-self-labeling,2026-08-10T12:00:00+08:00,2026-11-08,Unknown; absent from capped M01 page export (not zero),Unknown,Unknown,Unknown,Unknown,article_cohort:0;sitewide:Unknown,Unknown,2026-07-24T02:49:37.000000Z,Unknown,392,NOT_AUTHORIZED_INCOMPLETE_90D,NEED_MORE_DATA,false,post-baseline complete GSC/GA4/click/complete/backlink/internal role/topic owner/freshness/claim/revision history; current M01 lookback is not the 2026-11-08 review window
5,zh,iq-test-growth-guide,https://fermatmind.com/zh/articles/iq-test-growth-guide,2026-08-10T12:00:00+08:00,2026-11-08,source-limited M01 page row: clicks=1; impressions=70; ctr=1.43%; position=13.84,Unknown,Unknown,Unknown,Unknown,article_cohort:0;sitewide:Unknown,Unknown,2026-07-29T03:37:36.000000Z,Unknown,444,NOT_AUTHORIZED_INCOMPLETE_90D,NEED_MORE_DATA,false,post-baseline complete GSC/GA4/click/complete/backlink/internal role/topic owner/freshness/claim/revision history; current M01 lookback is not the 2026-11-08 review window
6,zh,iq-test-narrative-portrait,https://fermatmind.com/zh/articles/iq-test-narrative-portrait,2026-08-10T12:00:00+08:00,2026-11-08,source-limited M01 page row: clicks=0; impressions=6; ctr=0.0%; position=7.33,Unknown,Unknown,Unknown,Unknown,article_cohort:0;sitewide:Unknown,Unknown,2026-07-29T03:37:36.000000Z,Unknown,443,NOT_AUTHORIZED_INCOMPLETE_90D,NEED_MORE_DATA,false,post-baseline complete GSC/GA4/click/complete/backlink/internal role/topic owner/freshness/claim/revision history; current M01 lookback is not the 2026-11-08 review window
50,zh,iq-test-score-and-limits-explained,https://fermatmind.com/zh/articles/iq-test-score-and-limits-explained,2026-08-10T12:00:00+08:00,2026-11-08,source-limited M01 page row: clicks=0; impressions=474; ctr=0.0%; position=8.22,Unknown,Unknown,Unknown,Unknown,article_cohort:0;sitewide:Unknown,Top10 owner/support,2026-06-25T14:25:28.000000Z,Unknown,57,NOT_AUTHORIZED_INCOMPLETE_90D,NEED_MORE_DATA,false,post-baseline complete GSC/GA4/click/complete/backlink/internal role/topic owner/freshness/claim/revision history; current M01 lookback is not the 2026-11-08 review window
7,zh,iq-test-tool-guide,https://fermatmind.com/zh/articles/iq-test-tool-guide,2026-08-10T12:00:00+08:00,2026-11-08,source-limited M01 page row: clicks=0; impressions=90; ctr=0.0%; position=7.51,Unknown,Unknown,Unknown,Unknown,article_cohort:0;sitewide:Unknown,Unknown,2026-07-29T03:37:37.000000Z,Unknown,442,NOT_AUTHORIZED_INCOMPLETE_90D,NEED_MORE_DATA,false,post-baseline complete GSC/GA4/click/complete/backlink/internal role/topic owner/freshness/claim/revision history; current M01 lookback is not the 2026-11-08 review window
174,zh,life-events-and-personality-change-what-research-can-say,https://fermatmind.com/zh/articles/life-events-and-personality-change-what-research-can-say,2026-08-10T12:00:00+08:00,2026-11-08,Unknown; absent from capped M01 page export (not zero),Unknown,Unknown,Unknown,Unknown,article_cohort:0;sitewide:Unknown,Unknown,2026-07-24T03:22:41.000000Z,Unknown,412,NOT_AUTHORIZED_INCOMPLETE_90D,NEED_MORE_DATA,false,post-baseline complete GSC/GA4/click/complete/backlink/internal role/topic owner/freshness/claim/revision history; current M01 lookback is not the 2026-11-08 review window
72,zh,major-career-mismatch-job-search-skills-plan,https://fermatmind.com/zh/articles/major-career-mismatch-job-search-skills-plan,2026-08-10T12:00:00+08:00,2026-11-08,source-limited M01 page row: clicks=1; impressions=953; ctr=0.1%; position=13.35,Unknown,Unknown,Unknown,Unknown,article_cohort:0;sitewide:Unknown,Top10 owner/support,2026-07-02T01:00:58.000000Z,Unknown,92,NOT_AUTHORIZED_INCOMPLETE_90D,NEED_MORE_DATA,false,post-baseline complete GSC/GA4/click/complete/backlink/internal role/topic owner/freshness/claim/revision history; current M01 lookback is not the 2026-11-08 review window
84,zh,major-category-program-tracking-riasec-choice-checklist,https://fermatmind.com/zh/articles/major-category-program-tracking-riasec-choice-checklist,2026-08-10T12:00:00+08:00,2026-11-08,source-limited M01 page row: clicks=0; impressions=62; ctr=0.0%; position=8.97,Unknown,Unknown,Unknown,Unknown,article_cohort:0;sitewide:Unknown,Unknown,2026-07-10T00:55:47.000000Z,Unknown,104,NOT_AUTHORIZED_INCOMPLETE_90D,NEED_MORE_DATA,false,post-baseline complete GSC/GA4/click/complete/backlink/internal role/topic owner/freshness/claim/revision history; current M01 lookback is not the 2026-11-08 review window
59,zh,math-not-good-computer-ai-major-course-riasec-checklist,https://fermatmind.com/zh/articles/math-not-good-computer-ai-major-course-riasec-checklist,2026-08-10T12:00:00+08:00,2026-11-08,source-limited M01 page row: clicks=0; impressions=509; ctr=0.0%; position=11.58,Unknown,Unknown,Unknown,Unknown,article_cohort:0;sitewide:Unknown,Unknown,2026-06-28T07:30:00.000000Z,Unknown,79,NOT_AUTHORIZED_INCOMPLETE_90D,NEED_MORE_DATA,false,post-baseline complete GSC/GA4/click/complete/backlink/internal role/topic owner/freshness/claim/revision history; current M01 lookback is not the 2026-11-08 review window
8,zh,mbti-basics,https://fermatmind.com/zh/articles/mbti-basics,2026-08-10T12:00:00+08:00,2026-11-08,source-limited M01 page row: clicks=4; impressions=1952; ctr=0.2%; position=14.88,Unknown,Unknown,Unknown,Unknown,article_cohort:0;sitewide:Unknown,Top10 owner/support,2026-06-25T14:25:27.000000Z,Unknown,72,NOT_AUTHORIZED_INCOMPLETE_90D,NEED_MORE_DATA,false,post-baseline complete GSC/GA4/click/complete/backlink/internal role/topic owner/freshness/claim/revision history; current M01 lookback is not the 2026-11-08 review window
60,zh,mbti-full-report-career-relationship-communication,https://fermatmind.com/zh/articles/mbti-full-report-career-relationship-communication,2026-08-10T12:00:00+08:00,2026-11-08,Unknown; absent from capped M01 page export (not zero),Unknown,Unknown,Unknown,Unknown,article_cohort:0;sitewide:Unknown,Unknown,2026-06-29T12:28:39.000000Z,Unknown,80,NOT_AUTHORIZED_INCOMPLETE_90D,NEED_MORE_DATA,false,post-baseline complete GSC/GA4/click/complete/backlink/internal role/topic owner/freshness/claim/revision history; current M01 lookback is not the 2026-11-08 review window
9,zh,mbti-growth-guide,https://fermatmind.com/zh/articles/mbti-growth-guide,2026-08-10T12:00:00+08:00,2026-11-08,source-limited M01 page row: clicks=0; impressions=21; ctr=0.0%; position=13.67,Unknown,Unknown,Unknown,Unknown,article_cohort:0;sitewide:Unknown,Unknown,2026-07-29T03:37:37.000000Z,Unknown,441,NOT_AUTHORIZED_INCOMPLETE_90D,NEED_MORE_DATA,false,post-baseline complete GSC/GA4/click/complete/backlink/internal role/topic owner/freshness/claim/revision history; current M01 lookback is not the 2026-11-08 review window
10,zh,mbti-narrative-portrait,https://fermatmind.com/zh/articles/mbti-narrative-portrait,2026-08-10T12:00:00+08:00,2026-11-08,source-limited M01 page row: clicks=0; impressions=112; ctr=0.0%; position=9.0,Unknown,Unknown,Unknown,Unknown,article_cohort:0;sitewide:Unknown,Unknown,2026-07-29T03:37:37.000000Z,Unknown,440,NOT_AUTHORIZED_INCOMPLETE_90D,NEED_MORE_DATA,false,post-baseline complete GSC/GA4/click/complete/backlink/internal role/topic owner/freshness/claim/revision history; current M01 lookback is not the 2026-11-08 review window
33,zh,mbti-personality-test-science-vs-pseudoscience,https://fermatmind.com/zh/articles/mbti-personality-test-science-vs-pseudoscience,2026-08-10T12:00:00+08:00,2026-11-08,Unknown; absent from capped M01 page export (not zero),Unknown,Unknown,Unknown,Unknown,article_cohort:0;sitewide:Unknown,Unknown,2026-05-15T09:45:44.000000Z,Unknown,38,NOT_AUTHORIZED_INCOMPLETE_90D,NEED_MORE_DATA,false,post-baseline complete GSC/GA4/click/complete/backlink/internal role/topic owner/freshness/claim/revision history; current M01 lookback is not the 2026-11-08 review window
37,zh,mbti-vs-holland-career-choice,https://fermatmind.com/zh/articles/mbti-vs-holland-career-choice,2026-08-10T12:00:00+08:00,2026-11-08,source-limited M01 page row: clicks=0; impressions=758; ctr=0.0%; position=8.92,Unknown,Unknown,Unknown,Unknown,article_cohort:0;sitewide:Unknown,Unknown,2026-06-23T13:29:56.000000Z,Unknown,71,NOT_AUTHORIZED_INCOMPLETE_90D,NEED_MORE_DATA,false,post-baseline complete GSC/GA4/click/complete/backlink/internal role/topic owner/freshness/claim/revision history; current M01 lookback is not the 2026-11-08 review window
175,zh,ocean-traits-what-the-five-letters-mean,https://fermatmind.com/zh/articles/ocean-traits-what-the-five-letters-mean,2026-08-10T12:00:00+08:00,2026-11-08,source-limited M01 page row: clicks=0; impressions=11; ctr=0.0%; position=6.18,Unknown,Unknown,Unknown,Unknown,article_cohort:0;sitewide:Unknown,Unknown,2026-07-24T02:49:26.000000Z,Unknown,387,NOT_AUTHORIZED_INCOMPLETE_90D,NEED_MORE_DATA,false,post-baseline complete GSC/GA4/click/complete/backlink/internal role/topic owner/freshness/claim/revision history; current M01 lookback is not the 2026-11-08 review window
176,zh,openness-and-creativity-related-not-the-same,https://fermatmind.com/zh/articles/openness-and-creativity-related-not-the-same,2026-08-10T12:00:00+08:00,2026-11-08,Unknown; absent from capped M01 page export (not zero),Unknown,Unknown,Unknown,Unknown,article_cohort:0;sitewide:Unknown,Unknown,2026-07-24T03:22:21.000000Z,Unknown,407,NOT_AUTHORIZED_INCOMPLETE_90D,NEED_MORE_DATA,false,post-baseline complete GSC/GA4/click/complete/backlink/internal role/topic owner/freshness/claim/revision history; current M01 lookback is not the 2026-11-08 review window
177,zh,personality-test-norms-percentiles-and-unknowns,https://fermatmind.com/zh/articles/personality-test-norms-percentiles-and-unknowns,2026-08-10T12:00:00+08:00,2026-11-08,Unknown; absent from capped M01 page export (not zero),Unknown,Unknown,Unknown,Unknown,article_cohort:0;sitewide:Unknown,Unknown,2026-07-24T03:23:10.000000Z,Unknown,422,NOT_AUTHORIZED_INCOMPLETE_90D,NEED_MORE_DATA,false,post-baseline complete GSC/GA4/click/complete/backlink/internal role/topic owner/freshness/claim/revision history; current M01 lookback is not the 2026-11-08 review window
178,zh,procrastination-is-not-a-big-five-personality-label,https://fermatmind.com/zh/articles/procrastination-is-not-a-big-five-personality-label,2026-08-10T12:00:00+08:00,2026-11-08,Unknown; absent from capped M01 page export (not zero),Unknown,Unknown,Unknown,Unknown,article_cohort:0;sitewide:Unknown,Unknown,2026-07-24T03:22:25.000000Z,Unknown,408,NOT_AUTHORIZED_INCOMPLETE_90D,NEED_MORE_DATA,false,post-baseline complete GSC/GA4/click/complete/backlink/internal role/topic owner/freshness/claim/revision history; current M01 lookback is not the 2026-11-08 review window
179,zh,reliability-and-validity-in-personality-tests-explained,https://fermatmind.com/zh/articles/reliability-and-validity-in-personality-tests-explained,2026-08-10T12:00:00+08:00,2026-11-08,Unknown; absent from capped M01 page export (not zero),Unknown,Unknown,Unknown,Unknown,article_cohort:0;sitewide:Unknown,Unknown,2026-07-24T03:23:13.000000Z,Unknown,423,NOT_AUTHORIZED_INCOMPLETE_90D,NEED_MORE_DATA,false,post-baseline complete GSC/GA4/click/complete/backlink/internal role/topic owner/freshness/claim/revision history; current M01 lookback is not the 2026-11-08 review window
40,zh,riasec-holland-career-interest-test-explained,https://fermatmind.com/zh/articles/riasec-holland-career-interest-test-explained,2026-08-10T12:00:00+08:00,2026-11-08,source-limited M01 page row: clicks=4; impressions=1347; ctr=0.3%; position=8.0,Unknown,Unknown,Unknown,Unknown,article_cohort:0;sitewide:Unknown,Top10 owner/support,2026-06-25T14:25:27.000000Z,Unknown,69,NOT_AUTHORIZED_INCOMPLETE_90D,NEED_MORE_DATA,false,post-baseline complete GSC/GA4/click/complete/backlink/internal role/topic owner/freshness/claim/revision history; current M01 lookback is not the 2026-11-08 review window
180,zh,stress-recovery-log-separate-patterns-from-traits,https://fermatmind.com/zh/articles/stress-recovery-log-separate-patterns-from-traits,2026-08-10T12:00:00+08:00,2026-11-08,Unknown; absent from capped M01 page export (not zero),Unknown,Unknown,Unknown,Unknown,article_cohort:0;sitewide:Unknown,Unknown,2026-07-24T03:22:55.000000Z,Unknown,417,NOT_AUTHORIZED_INCOMPLETE_90D,NEED_MORE_DATA,false,post-baseline complete GSC/GA4/click/complete/backlink/internal role/topic owner/freshness/claim/revision history; current M01 lookback is not the 2026-11-08 review window
181,zh,track-personality-related-behavior-without-chasing-scores,https://fermatmind.com/zh/articles/track-personality-related-behavior-without-chasing-scores,2026-08-10T12:00:00+08:00,2026-11-08,Unknown; absent from capped M01 page export (not zero),Unknown,Unknown,Unknown,Unknown,article_cohort:0;sitewide:Unknown,Unknown,2026-07-24T03:22:44.000000Z,Unknown,413,NOT_AUTHORIZED_INCOMPLETE_90D,NEED_MORE_DATA,false,post-baseline complete GSC/GA4/click/complete/backlink/internal role/topic owner/freshness/claim/revision history; current M01 lookback is not the 2026-11-08 review window
70,zh,unwanted-major-adjustment-riasec-transfer-plan,https://fermatmind.com/zh/articles/unwanted-major-adjustment-riasec-transfer-plan,2026-08-10T12:00:00+08:00,2026-11-08,source-limited M01 page row: clicks=0; impressions=326; ctr=0.0%; position=8.7,Unknown,Unknown,Unknown,Unknown,article_cohort:0;sitewide:Unknown,Unknown,2026-07-01T03:37:25.000000Z,Unknown,90,NOT_AUTHORIZED_INCOMPLETE_90D,NEED_MORE_DATA,false,post-baseline complete GSC/GA4/click/complete/backlink/internal role/topic owner/freshness/claim/revision history; current M01 lookback is not the 2026-11-08 review window
74,zh,unwanted-major-repeat-or-stay-riasec-decision-checklist,https://fermatmind.com/zh/articles/unwanted-major-repeat-or-stay-riasec-decision-checklist,2026-08-10T12:00:00+08:00,2026-11-08,source-limited M01 page row: clicks=0; impressions=203; ctr=0.0%; position=10.34,Unknown,Unknown,Unknown,Unknown,article_cohort:0;sitewide:Unknown,Unknown,2026-07-03T05:24:04.000000Z,Unknown,94,NOT_AUTHORIZED_INCOMPLETE_90D,NEED_MORE_DATA,false,post-baseline complete GSC/GA4/click/complete/backlink/internal role/topic owner/freshness/claim/revision history; current M01 lookback is not the 2026-11-08 review window
182,zh,using-big-five-and-mbti-together-without-equating-them,https://fermatmind.com/zh/articles/using-big-five-and-mbti-together-without-equating-them,2026-08-10T12:00:00+08:00,2026-11-08,Unknown; absent from capped M01 page export (not zero),Unknown,Unknown,Unknown,Unknown,article_cohort:0;sitewide:Unknown,Unknown,2026-07-24T03:23:23.000000Z,Unknown,428,NOT_AUTHORIZED_INCOMPLETE_90D,NEED_MORE_DATA,false,post-baseline complete GSC/GA4/click/complete/backlink/internal role/topic owner/freshness/claim/revision history; current M01 lookback is not the 2026-11-08 review window
183,zh,when-personality-content-is-not-enough-seek-professional-help,https://fermatmind.com/zh/articles/when-personality-content-is-not-enough-seek-professional-help,2026-08-10T12:00:00+08:00,2026-11-08,Unknown; absent from capped M01 page export (not zero),Unknown,Unknown,Unknown,Unknown,article_cohort:0;sitewide:Unknown,Unknown,2026-07-24T03:22:58.000000Z,Unknown,418,NOT_AUTHORIZED_INCOMPLETE_90D,NEED_MORE_DATA,false,post-baseline complete GSC/GA4/click/complete/backlink/internal role/topic owner/freshness/claim/revision history; current M01 lookback is not the 2026-11-08 review window
184,zh,when-to-retest-big-five-and-what-a-score-change-means,https://fermatmind.com/zh/articles/when-to-retest-big-five-and-what-a-score-change-means,2026-08-10T12:00:00+08:00,2026-11-08,Unknown; absent from capped M01 page export (not zero),Unknown,Unknown,Unknown,Unknown,article_cohort:0;sitewide:Unknown,Unknown,2026-07-24T02:49:39.000000Z,Unknown,393,NOT_AUTHORIZED_INCOMPLETE_90D,NEED_MORE_DATA,false,post-baseline complete GSC/GA4/click/complete/backlink/internal role/topic owner/freshness/claim/revision history; current M01 lookback is not the 2026-11-08 review window
16,zh,which-love-script-fits-you-best,https://fermatmind.com/zh/articles/which-love-script-fits-you-best,2026-08-10T12:00:00+08:00,2026-11-08,source-limited M01 page row: clicks=1; impressions=248; ctr=0.4%; position=11.8,Unknown,Unknown,Unknown,Unknown,article_cohort:0;sitewide:Unknown,Unknown,2026-07-29T03:37:39.000000Z,Unknown,435,NOT_AUTHORIZED_INCOMPLETE_90D,NEED_MORE_DATA,false,post-baseline complete GSC/GA4/click/complete/backlink/internal role/topic owner/freshness/claim/revision history; current M01 lookback is not the 2026-11-08 review window
185,zh,why-big-five-is-not-a-personality-type-system,https://fermatmind.com/zh/articles/why-big-five-is-not-a-personality-type-system,2026-08-10T12:00:00+08:00,2026-11-08,Unknown; absent from capped M01 page export (not zero),Unknown,Unknown,Unknown,Unknown,article_cohort:0;sitewide:Unknown,Unknown,2026-07-24T02:49:28.000000Z,Unknown,388,NOT_AUTHORIZED_INCOMPLETE_90D,NEED_MORE_DATA,false,post-baseline complete GSC/GA4/click/complete/backlink/internal role/topic owner/freshness/claim/revision history; current M01 lookback is not the 2026-11-08 review window
